Category,Field,Question
Personal History,Early Childhood Memories,What is your earliest memory from childhood?
Personal History,Early Childhood Memories,Can you describe the home where you grew up in detail?
Personal History,Early Childhood Memories,Who were the most important adults in your early life besides your parents?
Personal History,Early Childhood Memories,What games did you play as a child?
Personal History,Early Childhood Memories,What was your relationship like with your siblings?
Personal History,Early Childhood Memories,What daily chores or responsibilities did you have growing up?
Personal History,Early Childhood Memories,What were holidays like in your childhood home?
Personal History,Early Childhood Memories,What smells, sounds, or tastes remind you of your childhood?
Personal History,Early Childhood Memories,Did you have any pets growing up? What memories do you have of them?
Personal History,Early Childhood Memories,What was your neighborhood like when you were a child?
Personal History,Early Childhood Memories,What did you do for fun with friends when you were young?
Personal History,Early Childhood Memories,What were your favorite foods as a child?
Personal History,Early Childhood Memories,Were there any family stories or legends that were often told in your home?
Personal History,Early Childhood Memories,What clothing or fashion do you remember wearing as a child?
Personal History,Early Childhood Memories,What was a typical day like for you as a child?
Personal History,Educational Experiences,What was your school like when you were a child?
Personal History,Educational Experiences,Who was your favorite teacher and why?
Personal History,Educational Experiences,What subject did you excel in or enjoy the most?
Personal History,Educational Experiences,Did you face any particular challenges in school?
Personal History,Educational Experiences,What was the school discipline like when you attended?
Personal History,Educational Experiences,How did you get to and from school each day?
Personal History,Educational Experiences,What games did children play during recess?
Personal History,Educational Experiences,How were the classrooms arranged and what materials did you use?
Personal History,Educational Experiences,What were your school friends like and do you still keep in touch with any of them?
Personal History,Educational Experiences,What educational opportunities were available to someone of your background?
Personal History,Educational Experiences,How different was education for boys and girls when you were young?
Personal History,Educational Experiences,What school traditions or celebrations do you remember most vividly?
Personal History,Educational Experiences,Did you participate in any extracurricular activities or sports?
Personal History,Educational Experiences,What was the highest level of education you achieved and why did you stop there?
Personal History,Educational Experiences,How did your education impact the course of your life?
Personal History,Major Historical Events,Which world events had the biggest impact on your life?
Personal History,Major Historical Events,Where were you when [specific historical event] happened?
Personal History,Major Historical Events,How did your community respond to [historical event]?
Personal History,Major Historical Events,How did major wars affect you or your family personally?
Personal History,Major Historical Events,What technological changes have most transformed society during your lifetime?
Personal History,Major Historical Events,What political changes have you witnessed that most affected ordinary people?
Personal History,Major Historical Events,Do you remember any economic hardships like depressions or recessions?
Personal History,Major Historical Events,How did people in your community get news about world events?
Personal History,Major Historical Events,Were there any epidemics or health crises during your lifetime?
Personal History,Major Historical Events,What social movements were significant during your youth?
Personal History,Major Historical Events,How did transportation change during your lifetime?
Personal History,Major Historical Events,What historical figure from your lifetime did you most admire?
Personal History,Major Historical Events,Did you ever participate in any protests or political activities?
Personal History,Major Historical Events,How did the civil rights movement (or other significant movement) affect your community?
Personal History,Major Historical Events,What was the most frightening historical event you lived through?
Personal History,Places Lived,What neighborhood or town do you remember most fondly?
Personal History,Places Lived,How did moving to a new place change your perspective?
Personal History,Places Lived,What community traditions existed where you lived?
Personal History,Places Lived,What's the most interesting place you've ever lived and why?
Personal History,Places Lived,How have the places you've lived changed over the decades?
Personal History,Places Lived,What made you decide to move when you did?
Personal History,Places Lived,How did the geography and climate of places you lived affect daily life?
Personal History,Places Lived,What place felt most like "home" to you and why?
Personal History,Places Lived,How did neighbors interact with each other in different places you lived?
Personal History,Places Lived,What was housing like when you were starting out as an adult?
Personal History,Places Lived,How did you furnish or decorate your first home?
Personal History,Places Lived,Did you ever live through any natural disasters?
Personal History,Places Lived,How did the cost of living compare in different times and places?
Personal History,Places Lived,What was your favorite local business or establishment in places you've lived?
Personal History,Places Lived,If you could return to any place you've lived, where would it be and why?
Family Life,Family Traditions and Cultural Practices,What special meals did your family prepare for celebrations?
Family Life,Family Traditions and Cultural Practices,What did you do on Christmas evening (or other holidays)?
Family Life,Family Traditions and Cultural Practices,Were there any unique customs passed down in your family?
Family Life,Family Traditions and Cultural Practices,How did your family celebrate birthdays?
Family Life,Family Traditions and Cultural Practices,What family heirlooms or treasured objects have been passed down?
Family Life,Family Traditions and Cultural Practices,What stories were told in your family about your ancestors?
Family Life,Family Traditions and Cultural Practices,What cultural or ethnic traditions were important in your family?
Family Life,Family Traditions and Cultural Practices,How did your family spend Sundays or days off?
Family Life,Family Traditions and Cultural Practices,What music was played or sung in your home?
Family Life,Family Traditions and Cultural Practices,Did your family have any sayings, expressions, or inside jokes?
Family Life,Family Traditions and Cultural Practices,Were there special places your family would visit regularly?
Family Life,Family Traditions and Cultural Practices,What values were emphasized in your family?
Family Life,Family Traditions and Cultural Practices,How were gender roles defined in your family growing up?
Family Life,Family Traditions and Cultural Practices,How did your family mark major life transitions (adulthood, marriage, etc.)?
Family Life,Family Traditions and Cultural Practices,What traditional foods were regularly prepared in your home?
Family Life,Marriage and Partnership,How did you meet your spouse/partner?
Family Life,Marriage and Partnership,What was your wedding day like?
Family Life,Marriage and Partnership,What's the secret to your relationship's longevity?
Family Life,Marriage and Partnership,What qualities first attracted you to your partner?
Family Life,Marriage and Partnership,How did you know they were "the one"?
Family Life,Marriage and Partnership,What were the early years of marriage like?
Family Life,Marriage and Partnership,How did you resolve disagreements with your partner?
Family Life,Marriage and Partnership,What were your roles in the household and how were they decided?
Family Life,Marriage and Partnership,What activities or interests did you and your partner share?
Family Life,Marriage and Partnership,How did your relationship evolve over the years?
Family Life,Marriage and Partnership,What was the hardest period in your relationship and how did you overcome it?
Family Life,Marriage and Partnership,What were your honeymoon or early trips together like?
Family Life,Marriage and Partnership,What did you admire most about your partner?
Family Life,Marriage and Partnership,How did having children change your relationship?
Family Life,Marriage and Partnership,What's the best piece of advice you would give about marriage?
Family Life,Raising Children,What surprised you most about becoming a parent?
Family Life,Raising Children,How did you discipline your children?
Family Life,Raising Children,What family activities did you enjoy with your children?
Family Life,Raising Children,What values did you try to instill in your children?
Family Life,Raising Children,How was raising children different when you were a parent compared to today?
Family Life,Raising Children,What traditions did you create for your own family?
Family Life,Raising Children,What was your approach to education and schooling for your children?
Family Life,Raising Children,What were the most challenging aspects of parenthood?
Family Life,Raising Children,What do you consider your greatest success as a parent?
Family Life,Raising Children,How did you balance work and family responsibilities?
Family Life,Raising Children,What did your children teach you?
Family Life,Raising Children,How did you handle major life lessons or difficult conversations with your children?
Family Life,Raising Children,What activities did you do to bond with each child individually?
Family Life,Raising Children,How did you encourage your children's unique talents or interests?
Family Life,Raising Children,What parenting decisions would you make differently if you could go back?
Family Life,Extended Family,How often did you see your extended family growing up?
Family Life,Extended Family,What roles did grandparents play in your family?
Family Life,Extended Family,Which family member influenced you the most?
Family Life,Extended Family,How were family reunions or gatherings organized?
Family Life,Extended Family,What relationships with cousins, aunts, or uncles were important to you?
Family Life,Extended Family,How did your family support each other in times of need?
Family Life,Extended Family,What family conflicts do you remember, and how were they resolved?
Family Life,Extended Family,How did your relationship with your parents change as you became an adult?
Family Life,Extended Family,What family members do you wish you had known better?
Family Life,Extended Family,How did geographical distance affect family relationships?
Family Life,Extended Family,What traditions or stories came from your grandparents?
Family Life,Extended Family,How did you maintain connections with distant relatives?
Family Life,Extended Family,What role did you play in your extended family (peacemaker, organizer, etc.)?
Family Life,Extended Family,Were there any "black sheep" or controversial figures in your family?
Family Life,Extended Family,How did extended family influence major life decisions?
Career and Work,First Jobs,What was your first paying job?
Career and Work,First Jobs,How much did you earn at your first job?
Career and Work,First Jobs,What skills did you learn from your early work experiences?
Career and Work,First Jobs,How did you find your first job?
Career and Work,First Jobs,What was your boss or supervisor like at your first job?
Career and Work,First Jobs,What were your working conditions like?
Career and Work,First Jobs,How old were you when you started working?
Career and Work,First Jobs,Did you enjoy your first job? Why or why not?
Career and Work,First Jobs,What was the most challenging aspect of your first job?
Career and Work,First Jobs,What did you spend your first paycheck on?
Career and Work,First Jobs,How did having your own money change your life?
Career and Work,First Jobs,What expectations did your family have about your work?
Career and Work,First Jobs,What did you wear to work at your first job?
Career and Work,First Jobs,What tools or equipment did you use in your early jobs?
Career and Work,First Jobs,Were there any memorable customers or colleagues from your first job?
Career and Work,Career Progression,How did you choose your career path?
Career and Work,Career Progression,What professional accomplishment are you most proud of?
Career and Work,Career Progression,How did your industry change during your working years?
Career and Work,Career Progression,What factors influenced your career choices?
Career and Work,Career Progression,Did you ever change careers? What prompted that change?
Career and Work,Career Progression,What opportunities for advancement existed in your field?
Career and Work,Career Progression,How did your education prepare you (or not) for your career?
Career and Work,Career Progression,What mentors or role models influenced your professional life?
Career and Work,Career Progression,What sacrifices did you make for your career?
Career and Work,Career Progression,How did economic conditions affect your career trajectory?
Career and Work,Career Progression,What professional organizations or unions were you part of?
Career and Work,Career Progression,What additional training or education did you pursue during your career?
Career and Work,Career Progression,How did you advocate for yourself at work (raises, promotions, etc.)?
Career and Work,Career Progression,What was the most significant professional risk you took?
Career and Work,Career Progression,How did your career goals change over time?
Career and Work,Workplace Conditions,What was a typical workday like in your prime working years?
Career and Work,Workplace Conditions,How did technology change your workplace over time?
Career and Work,Workplace Conditions,What challenges did you face in the workplace?
Career and Work,Workplace Conditions,How did safety standards and regulations change during your career?
Career and Work,Workplace Conditions,What was the physical environment like where you worked?
Career and Work,Workplace Conditions,How formal or casual was your workplace?
Career and Work,Workplace Conditions,What was the management style like in your workplace?
Career and Work,Workplace Conditions,How diverse was your workplace and how did that change over time?
Career and Work,Workplace Conditions,Were there any major strikes, layoffs, or workplace conflicts?
Career and Work,Workplace Conditions,How did company culture affect your work experience?
Career and Work,Workplace Conditions,What benefits or perks were offered by employers?
Career and Work,Workplace Conditions,How did people communicate in the workplace before modern technology?
Career and Work,Workplace Conditions,Were there social events or traditions at your workplace?
Career and Work,Workplace Conditions,How did people dress for work and how did that change?
Career and Work,Workplace Conditions,What workplace policies would surprise people today?
Career and Work,Work-Life Balance,How did you balance family life with work responsibilities?
Career and Work,Work-Life Balance,When did you take vacations, and where did you go?
Career and Work,Work-Life Balance,How did retirement compare to your expectations?
Career and Work,Work-Life Balance,How many hours per week did you typically work?
Career and Work,Work-Life Balance,Did you bring work home with you? How did that affect family life?
Career and Work,Work-Life Balance,What hobbies or activities did you pursue outside of work?
Career and Work,Work-Life Balance,How did commuting impact your daily schedule?
Career and Work,Work-Life Balance,What strategies did you use to manage stress from work?
Career and Work,Work-Life Balance,How did you make time for important family events?
Career and Work,Work-Life Balance,What was considered an acceptable reason to miss work in your day?
Career and Work,Work-Life Balance,How did parental leave or family care time work when you were employed?
Career and Work,Work-Life Balance,At what age did you retire and how did you decide it was time?
Career and Work,Work-Life Balance,How did you prepare financially for retirement?
Career and Work,Work-Life Balance,What activities filled your time after retirement?
Career and Work,Work-Life Balance,What do you miss most about working? What do you miss least?
Identity and Values,Cultural/Religious/Spiritual Beliefs,How has your faith or spiritual practice evolved over time?
Identity and Values,Cultural/Religious/Spiritual Beliefs,What religious or cultural ceremonies were important to you?
Identity and Values,Cultural/Religious/Spiritual Beliefs,How did your beliefs help you through difficult times?
Identity and Values,Cultural/Religious/Spiritual Beliefs,Were there times when you questioned or doubted your beliefs?
Identity and Values,Cultural/Religious/Spiritual Beliefs,How did your religious community influence your life choices?
Identity and Values,Cultural/Religious/Spiritual Beliefs,What religious or spiritual texts have been meaningful to you?
Identity and Values,Cultural/Religious/Spiritual Beliefs,How did your spiritual beliefs differ from those of your parents?
Identity and Values,Cultural/Religious/Spiritual Beliefs,What rituals or practices have brought you comfort?
Identity and Values,Cultural/Religious/Spiritual Beliefs,How did you explain your beliefs to your children?
Identity and Values,Cultural/Religious/Spiritual Beliefs,Did you ever experience discrimination based on your faith or culture?
Identity and Values,Cultural/Religious/Spiritual Beliefs,What role did religious leaders play in your community?
Identity and Values,Cultural/Religious/Spiritual Beliefs,How did religious holidays shape your family traditions?
Identity and Values,Cultural/Religious/Spiritual Beliefs,How did your spiritual views on death and afterlife evolve over time?
Identity and Values,Cultural/Religious/Spiritual Beliefs,What spiritual questions have you wrestled with most in your life?
Identity and Values,Cultural/Religious/Spiritual Beliefs,How did your faith community respond to major social changes?
Identity and Values,Personal Values,What three values have guided your life decisions?
Identity and Values,Personal Values,How did your parents influence your core values?
Identity and Values,Personal Values,When were your values most tested?
Identity and Values,Personal Values,Have your core values changed throughout your life?
Identity and Values,Personal Values,What value do you hope future generations will preserve?
Identity and Values,Personal Values,How did you teach your values to your children?
Identity and Values,Personal Values,What was more important to you: security, freedom, or fulfillment?
Identity and Values,Personal Values,How did you handle situations where your values conflicted with others'?
Identity and Values,Personal Values,What did honesty mean to you in different contexts of life?
Identity and Values,Personal Values,How important was education as a value in your life?
Identity and Values,Personal Values,How did your values regarding money and material possessions evolve?
Identity and Values,Personal Values,What value was hardest for you to live up to?
Identity and Values,Personal Values,How did your community's values align or conflict with your personal values?
Identity and Values,Personal Values,What value became more important to you as you aged?
Identity and Values,Personal Values,How did your understanding of integrity develop over your lifetime?
Identity and Values,Political Perspectives,How has your political thinking changed over time?
Identity and Values,Political Perspectives,Which political issues have you felt most strongly about?
Identity and Values,Political Perspectives,Have you ever been involved in activism or advocacy?
Identity and Values,Political Perspectives,What was the first election you remember or participated in?
Identity and Values,Political Perspectives,How did major political events shape your worldview?
Identity and Values,Political Perspectives,Did your political views differ from those of your family?
Identity and Values,Political Perspectives,What political figure did you most admire and why?
Identity and Values,Political Perspectives,How did the political climate affect your local community?
Identity and Values,Political Perspectives,What social changes have you witnessed that you consider most positive?
Identity and Values,Political Perspectives,What political changes have you resisted or disagreed with?
Identity and Values,Political Perspectives,How openly were politics discussed in your family?
Identity and Values,Political Perspectives,Did you ever change your mind on a major political issue? What caused that shift?
Identity and Values,Political Perspectives,How did you stay informed about political developments?
Identity and Values,Political Perspectives,What responsibility did you feel as a citizen?
Identity and Values,Political Perspectives,How did your experiences influence your views on government's role?
Identity and Values,Life Philosophies,What motto or saying has guided your life?
Identity and Values,Life Philosophies,How do you define success in life?
Identity and Values,Life Philosophies,What's the most important lesson life has taught you?
Identity and Values,Life Philosophies,How has your perspective on death evolved over time?
Identity and Values,Life Philosophies,What do you believe gives life meaning?
Identity and Values,Life Philosophies,How important has independence been to you?
Identity and Values,Life Philosophies,What role does forgiveness play in your philosophy of life?
Identity and Values,Life Philosophies,How has your understanding of happiness changed over the years?
Identity and Values,Life Philosophies,What does legacy mean to you?
Identity and Values,Life Philosophies,How do you balance living for today versus planning for tomorrow?
Identity and Values,Life Philosophies,What role does gratitude play in your outlook on life?
Identity and Values,Life Philosophies,How do you handle regret?
Identity and Values,Life Philosophies,What's your philosophy on taking risks?
Identity and Values,Life Philosophies,How important is it to you to keep learning and growing?
Identity and Values,Life Philosophies,What do you believe about the relationship between suffering and growth?
Pivotal Moments,Major Life Decisions,What was the hardest choice you ever had to make?
Pivotal Moments,Major Life Decisions,Was there a moment that completely changed your life's direction?
Pivotal Moments,Major Life Decisions,What decision do you look back on with the most satisfaction?
Pivotal Moments,Major Life Decisions,How did you decide where to live as an adult?
Pivotal Moments,Major Life Decisions,What factors influenced your choice of career?
Pivotal Moments,Major Life Decisions,How did you know when you had found the right person to marry?
Pivotal Moments,Major Life Decisions,What influenced your decisions about having children?
Pivotal Moments,Major Life Decisions,What major purchase was most significant in your life?
Pivotal Moments,Major Life Decisions,When did you decide to make a major change in your lifestyle?
Pivotal Moments,Major Life Decisions,What decision did you make that surprised others around you?
Pivotal Moments,Major Life Decisions,What choice did you make based primarily on intuition?
Pivotal Moments,Major Life Decisions,What decision took the most courage to make?
Pivotal Moments,Major Life Decisions,When did you choose to break from family expectations or traditions?
Pivotal Moments,Major Life Decisions,What decision do you wish you had made differently?
Pivotal Moments,Major Life Decisions,How did you approach making difficult decisions?
Pivotal Moments,Challenges Overcome,What was the greatest hardship you faced in your life?
Pivotal Moments,Challenges Overcome,How did you cope with your most difficult times?
Pivotal Moments,Challenges Overcome,What gave you strength during periods of adversity?
Pivotal Moments,Challenges Overcome,What health challenges have you faced and how did you handle them?
Pivotal Moments,Challenges Overcome,How did you recover from financial setbacks?
Pivotal Moments,Challenges Overcome,What helped you persevere when you felt like giving up?
Pivotal Moments,Challenges Overcome,How did you rebuild after a significant loss?
Pivotal Moments,Challenges Overcome,What skills or qualities helped you overcome obstacles?
Pivotal Moments,Challenges Overcome,What resources did you draw upon during challenging times?
Pivotal Moments,Challenges Overcome,How did you handle criticism or opposition?
Pivotal Moments,Challenges Overcome,What personal limitations did you have to accept or work around?
Pivotal Moments,Challenges Overcome,How did you maintain hope during extended difficult periods?
Pivotal Moments,Challenges Overcome,What unexpected challenges tested your resilience?
Pivotal Moments,Challenges Overcome,How did you handle disappointment?
Pivotal Moments,Challenges Overcome,What challenge initially seemed impossible but you eventually overcame?
Pivotal Moments,Personal Growth,When did you experience the most significant personal change?
Pivotal Moments,Personal Growth,What experience taught you the most about yourself?
Pivotal Moments,Personal Growth,How are you different now from who you were in your youth?
Pivotal Moments,Personal Growth,What mistake taught you the most valuable lesson?
Pivotal Moments,Personal Growth,How did you learn to accept yourself?
Pivotal Moments,Personal Growth,What helped you develop more confidence?
Pivotal Moments,Personal Growth,How did you learn to set healthy boundaries?
Pivotal Moments,Personal Growth,What experience expanded your worldview most significantly?
Pivotal Moments,Personal Growth,How did you develop compassion for others?
Pivotal Moments,Personal Growth,What helped you overcome a fear or limitation?
Pivotal Moments,Personal Growth,How did you discover your strengths?
Pivotal Moments,Personal Growth,What feedback from others helped you grow?
Pivotal Moments,Personal Growth,How did you learn to adapt to unexpected changes?
Pivotal Moments,Personal Growth,What helped you develop patience?
Pivotal Moments,Personal Growth,How have your priorities shifted over time?
Pivotal Moments,Achievements,What accomplishment brings you the most pride?
Pivotal Moments,Achievements,What goal took you the longest to achieve?
Pivotal Moments,Achievements,What did you achieve that surprised even yourself?
Pivotal Moments,Achievements,What achievement required the most persistence?
Pivotal Moments,Achievements,What did you build or create that gave you satisfaction?
Pivotal Moments,Achievements,What achievement had the most positive impact on others?
Pivotal Moments,Achievements,What did you accomplish that others said you couldn't?
Pivotal Moments,Achievements,What achievement came at the greatest personal cost?
Pivotal Moments,Achievements,What accomplishment was most recognized by others?
Pivotal Moments,Achievements,What quiet achievement means the most to you personally?
Pivotal Moments,Achievements,What goal did you set for yourself that you achieved?
Pivotal Moments,Achievements,What achievement would you like to be remembered for?
Pivotal Moments,Achievements,What achievement came later in life than you expected?
Pivotal Moments,Achievements,What success came out of previous failure?
Pivotal Moments,Achievements,What achievement gave you the confidence to pursue bigger goals?
Relationships,Meaningful Friendships,Who was your best friend growing up, and what did you do together?
Relationships,Meaningful Friendships,Which friendship has lasted the longest in your life?
Relationships,Meaningful Friendships,How have your friendships changed as you've aged?
Relationships,Meaningful Friendships,What qualities do you value most in a friend?
Relationships,Meaningful Friendships,How did you maintain friendships through different life stages?
Relationships,Meaningful Friendships,What friend influenced your life in a significant way?
Relationships,Meaningful Friendships,How did you meet your closest friends?
Relationships,Meaningful Friendships,What activities did you enjoy with friends?
Relationships,Meaningful Friendships,How did friends support you during difficult times?
Relationships,Meaningful Friendships,What have you learned about friendship over your lifetime?
Relationships,Meaningful Friendships,How did you reconcile after disagreements with friends?
Relationships,Meaningful Friendships,What friendship taught you an important life lesson?
Relationships,Meaningful Friendships,How did distance affect your important friendships?
Relationships,Meaningful Friendships,What made friendship more challenging or easier as you aged?
Relationships,Meaningful Friendships,What unconventional friendship surprised you with its importance?
Relationships,Mentors and Influential People,Who has been your greatest teacher outside of school?
Relationships,Mentors and Influential People,What's the best advice anyone ever gave you?
Relationships,Mentors and Influential People,How did mentors shape your life choices?
Relationships,Mentors and Influential People,Who saw potential in you that you didn't see in yourself?
Relationships,Mentors and Influential People,What role model influenced your character development?
Relationships,Mentors and Influential People,Who taught you your most valuable skill?
Relationships,Mentors and Influential People,What leader did you admire and try to emulate?
Relationships,Mentors and Influential People,Who influenced your parenting style?
Relationships,Mentors and Influential People,What authority figure earned your deep respect?
Relationships,Mentors and Influential People,Who helped you through a particularly difficult transition?
Relationships,Mentors and Influential People,What relationship challenged you to grow in unexpected ways?
Relationships,Mentors and Influential People,Who introduced you to ideas that changed your worldview?
Relationships,Mentors and Influential People,What historical figure influenced your thinking?
Relationships,Mentors and Influential People,Who demonstrated values you aspired to embody?
Relationships,Mentors and Influential People,What relationship helped shape your sense of purpose?
Relationships,Communities,What community groups or organizations were you part of?
Relationships,Communities,How did your community support each other in hard times?
Relationships,Communities,What role did neighbors play in your life?
Relationships,Communities,What made you feel like you belonged in a community?
Relationships,Communities,How did you contribute to your community?
Relationships,Communities,What community traditions or celebrations were meaningful to you?
Relationships,Communities,How did your community respond to major changes or challenges?
Relationships,Communities,What values defined the communities you were part of?
Relationships,Communities,How did community involvement enrich your life?
Relationships,Communities,What role did you play in various communities (leader, supporter, etc.)?
Relationships,Communities,How did religious or cultural communities shape your identity?
Relationships,Communities,What community service or volunteer work did you do?
Relationships,Communities,How did your professional community influence your development?
Relationships,Communities,What excluded you from or included you in certain communities?
Relationships,Communities,How have communities changed during your lifetime?
Relationships,Loss and Grief,How did you cope with the loss of loved ones?
Relationships,Loss and Grief,How did experiences of loss change your outlook on life?
Relationships,Loss and Grief,What helped you heal after significant losses?
Relationships,Loss and Grief,What was the most difficult goodbye you ever said?
Relationships,Loss and Grief,How did people in your generation talk about death and grief?
Relationships,Loss and Grief,What rituals or practices helped you process grief?
Relationships,Loss and Grief,How did you support others who were grieving?
Relationships,Loss and Grief,What loss was most unexpected?
Relationships,Loss and Grief,How did the death of a parent affect you?
Relationships,Loss and Grief,What did you learn about yourself through experiences of grief?
Relationships,Loss and Grief,How did your spiritual beliefs influence how you processed loss?
Relationships,Loss and Grief,"What loss besides death (such as divorce, job loss, etc.) was particularly difficult?"
Relationships,Loss and Grief,How did you preserve the memory of those you've lost?
Relationships,Loss and Grief,What did people around you do that was most helpful in times of grief?
Relationships,Loss and Grief,How did grief change as you aged?
Reflections,Society Changes,What technological change has amazed you the most?
Reflections,Society Changes,How has the role of women/men changed during your lifetime?
Reflections,Society Changes,What aspects of society have improved or worsened?
Reflections,Society Changes,How has communication changed throughout your life?
Reflections,Society Changes,What social norms have changed most dramatically?
Reflections,Society Changes,How has education evolved since your school days?
Reflections,Society Changes,What changes in family structure have you observed?
Reflections,Society Changes,How has the concept of privacy changed during your lifetime?
Reflections,Society Changes,What changes in healthcare have you witnessed?
Reflections,Society Changes,How has entertainment evolved during your lifetime?
Reflections,Society Changes,What changes in food and diet have you observed?
Reflections,Society Changes,How has the pace of life changed?
Reflections,Society Changes,What environmental changes have you witnessed firsthand?
Reflections,Society Changes,How have intergenerational relationships changed?
Reflections,Society Changes,What societal change has been most surprising to you?
Reflections,Wisdom,What advice would you give to young people today?
Reflections,Wisdom,What life lessons took you the longest to learn?
Reflections,Wisdom,What do you know now that you wish you knew at 30?
Reflections,Wisdom,What common misconceptions do young people have about aging?
Reflections,Wisdom,What's the most important thing for living a good life?
Reflections,Wisdom,What have you learned about human nature?
Reflections,Wisdom,What insights have you gained about relationships?
Reflections,Wisdom,What wisdom about money and finances would you share?
Reflections,Wisdom,What misconceptions did you have when you were younger?
Reflections,Wisdom,What truths have remained constant throughout your life?
Reflections,Wisdom,What have you learned about maintaining health and vitality?
Reflections,Wisdom,What wisdom have you gained about handling conflict?
Reflections,Wisdom,What have you learned about finding happiness and contentment?
Reflections,Wisdom,What insights do you have about navigating change?
Reflections,Wisdom,What have you learned about what matters most in life?
Reflections,Younger Self,"If you could tell your 20-year-old self something, what would it be?"
Reflections,Younger Self,What opportunities do you wish you had taken?
Reflections,Younger Self,What mistakes taught you the most valuable lessons?
Reflections,Younger Self,What fears held you back that you later realized were unfounded?
Reflections,Younger Self,What risks do you wish you had taken?
Reflections,Younger Self,What habits do you wish you had developed earlier?
Reflections,Younger Self,What relationships do you wish you had nurtured more?
Reflections,Younger Self,What did you worry about that turned out not to matter?
Reflections,Younger Self,What did you take for granted that you later came to value?
Reflections,Younger Self,What activities brought you joy that you wish you had continued?